<BackupInst xmlns="http://www.microsoft.com/GroupPolicy/GPOOperations/Manifest"><GPOGuid><![CDATA[{21120C1C-F42D-4E41-9DB3-5A214E2869BB}]]></GPOGuid><GPODomain><![CDATA[Corp.contoso.com]]></GPODomain><GPODomainGuid><![CDATA[{cafc005a-5d50-412f-9cbf-0786a231e9de}]]></GPODomainGuid><GPODomainController><![CDATA[DC.Corp.contoso.com]]></GPODomainController><BackupTime><![CDATA[2020-11-11T21:55:29]]></BackupTime><ID><![CDATA[{5FEF9615-6732-49F9-B193-A732D7523B5C}]]></ID><Comment><![CDATA[]]></Comment><GPODisplayName><![CDATA[WVD Pooled - Microsoft FSLogix - Computer Settings]]></GPODisplayName></BackupInst>
