<BackupInst xmlns="http://www.microsoft.com/GroupPolicy/GPOOperations/Manifest"><GPOGuid><![CDATA[{91CDCE91-9ECC-4A4E-8C95-51CEA88C2F55}]]></GPOGuid><GPODomain><![CDATA[maglab.net]]></GPODomain><GPODomainGuid><![CDATA[{a5156093-67cb-41af-8333-f3853aff8ba0}]]></GPODomainGuid><GPODomainController><![CDATA[ML-DC-01.maglab.net]]></GPODomainController><BackupTime><![CDATA[2020-05-06T20:28:13]]></BackupTime><ID><![CDATA[{E892BC20-EAD5-40B4-8A64-4DB339A92D70}]]></ID><Comment><![CDATA[]]></Comment><GPODisplayName><![CDATA[WVD Pooled - Microsoft 365 Apps - Computer Settings]]></GPODisplayName></BackupInst>
