<BackupInst xmlns="http://www.microsoft.com/GroupPolicy/GPOOperations/Manifest"><GPOGuid><![CDATA[{6DB50703-CB32-4D94-A529-165EA7B0F042}]]></GPOGuid><GPODomain><![CDATA[maglab.net]]></GPODomain><GPODomainGuid><![CDATA[{a5156093-67cb-41af-8333-f3853aff8ba0}]]></GPODomainGuid><GPODomainController><![CDATA[ML-DC-01.maglab.net]]></GPODomainController><BackupTime><![CDATA[2020-05-06T20:27:58]]></BackupTime><ID><![CDATA[{D15DC6EE-9394-4513-A83F-AA1E911AF366}]]></ID><Comment><![CDATA[]]></Comment><GPODisplayName><![CDATA[WVD Pooled - Microsoft Windows - Computer Settings]]></GPODisplayName></BackupInst>
